{"url":"https://etherscan.io/block/3923788","result":{"extractorData":{"url":"https://etherscan.io/block/3923788","resourceId":"59d94fd5e4c2180f1737b49a5c035452","data":[{"group":[{"height":[{"text":"3923788"}],"block-information":[{"text":"TimeStamp:"},{"text":"3 mins ago (Jun-24-2017 05:01:27 PM +UTC)"}]},{"block-information":[{"text":"Transactions:"},{"text":"28 transactions and 4 contract internal transactions in this block"}],"transactions":[{"text":"28 transactions and 4 contract internal transactions in this block"}]},{"block-information":[{"text":"Hash:"},{"text":"0x89d235c4e2e4e4978440f3cc1966f1ffb343b9b5cfec9e5cebc331fb810bded3"}],"Hash":[{"text":"0x89d235c4e2e4e4978440f3cc1966f1ffb343b9b5cfec9e5cebc331fb810bded3"}]},{"block-information":[{"text":"Parent Hash:"},{"text":"0x22d0c44e412a0d0c1845040dc9c1dcec8f91d760384855a62282123e98bede7a"}],"ParentHash":[{"text":"0x22d0c44e412a0d0c1845040dc9c1dcec8f91d760384855a62282123e98bede7a"}]},{"block-information":[{"text":"Sha3Uncles:"},{"text":"0x1dcc4de8dec75d7aab85b567b6ccd41ad312451b948a7413f0a142fd40d49347"}]},{"block-information":[{"text":"Mined By:"},{"text":"0xea674fdde714fd979de3edf0f56aa9716b898ec8 (Ethermine) in 20 secs"}]},{"block-information":[{"text":"Difficulty:"},{"text":"882,071,747,513,072"}],"difficulty":[{"text":"882,071,747,513,072"}]},{"block-information":[{"text":"Total Difficulty:"},{"text":"393,502,498,154,006,296,834"}]},{"block-information":[{"text":"Size:"},{"text":"11319 bytes"}]},{"block-information":[{"text":"Gas Limit:"},{"text":"4,712,357"}]},{"block-information":[{"text":"Gas Used:"},{"text":"4,694,483"}],"gas_used":[{"text":"4,694,483"}]},{"block-information":[{"text":"Nonce:"},{"text":"0x88f3448fb0040dd240"}]},{"block-information":[{"text":"Block Reward:"},{"text":"5.140068408 Ether (5 + 0.140068408)"}]},{"block-information":[{"text":"Uncles Reward:"},{"text":"0"}]},{"block-information":[{"text":"Extra Data:"},{"text":"ethermine-asia4 (Hex:0x65746865726d696e652d6173696134)"}]}]}]},"pageData":{"resourceId":"59d94fd5e4c2180f1737b49a5c035452","statusCode":200,"timestamp":1498323915839},"timestamp":1498324744877,"sequenceNumber":0}}
{"url":"https://etherscan.io/block/3923787","result":{"extractorData":{"url":"https://etherscan.io/block/3923787","resourceId":"dcc8a9c0a5c15d24508132ba1961afa3","data":[{"group":[{"height":[{"text":"3923787"}],"block-information":[{"text":"TimeStamp:"},{"text":"8 mins ago (Jun-24-2017 05:01:07 PM +UTC)"}]},{"block-information":[{"text":"Transactions:"},{"text":"26 transactions and 2 contract internal transactions in this block"}],"transactions":[{"text":"26 transactions and 2 contract internal transactions in this block"}]},{"block-information":[{"text":"Hash:"},{"text":"0x22d0c44e412a0d0c1845040dc9c1dcec8f91d760384855a62282123e98bede7a"}],"Hash":[{"text":"0x22d0c44e412a0d0c1845040dc9c1dcec8f91d760384855a62282123e98bede7a"}]},{"block-information":[{"text":"Parent Hash:"},{"text":"0xace43b9f8cec72da329f8416e3d684359272a60b03dfec35ce3a8c1add86c3a8"}],"ParentHash":[{"text":"0xace43b9f8cec72da329f8416e3d684359272a60b03dfec35ce3a8c1add86c3a8"}]},{"block-information":[{"text":"Sha3Uncles:"},{"text":"0x1dcc4de8dec75d7aab85b567b6ccd41ad312451b948a7413f0a142fd40d49347"}]},{"block-information":[{"text":"Mined By:"},{"text":"0xc0ea08a2d404d3172d2add29a45be56da40e2949 in 7 secs"}]},{"block-information":[{"text":"Difficulty:"},{"text":"882,365,150,918,446"}],"difficulty":[{"text":"882,365,150,918,446"}]},{"block-information":[{"text":"Total Difficulty:"},{"text":"393,501,616,082,258,783,762"}]},{"block-information":[{"text":"Size:"},{"text":"4348 bytes"}]},{"block-information":[{"text":"Gas Limit:"},{"text":"4,707,794"}]},{"block-information":[{"text":"Gas Used:"},{"text":"935,704"}],"gas_used":[{"text":"935,704"}]},{"block-information":[{"text":"Nonce:"},{"text":"0x880fd47264159a054c"}]},{"block-information":[{"text":"Block Reward:"},{"text":"5.042066044629509934 Ether (5 + 0.042066044629509934)"}]},{"block-information":[{"text":"Uncles Reward:"},{"text":"0"}]},{"block-information":[{"text":"Extra Data:"},{"text":"www.bw.com (Hex:0x7777772e62772e636f6d)"}]}]}]},"pageData":{"resourceId":"dcc8a9c0a5c15d24508132ba1961afa3","statusCode":200,"timestamp":1498324165947},"timestamp":1498324745854,"sequenceNumber":1}}
{"url":"https://etherscan.io/block/3923786","result":{"extractorData":{"url":"https://etherscan.io/block/3923786","resourceId":"d43b34bdf6ef3506a9998d9a79ca1037","data":[{"group":[{"height":[{"text":"3923786"}],"block-information":[{"text":"TimeStamp:"},{"text":"9 mins ago (Jun-24-2017 05:01:00 PM +UTC)"}]},{"block-information":[{"text":"Transactions:"},{"text":"34 transactions and 1 contract internal transaction in this block"}],"transactions":[{"text":"34 transactions and 1 contract internal transaction in this block"}]},{"block-information":[{"text":"Hash:"},{"text":"0xace43b9f8cec72da329f8416e3d684359272a60b03dfec35ce3a8c1add86c3a8"}],"Hash":[{"text":"0xace43b9f8cec72da329f8416e3d684359272a60b03dfec35ce3a8c1add86c3a8"}]},{"block-information":[{"text":"Parent Hash:"},{"text":"0x37a0d9c0639ea8ad463ac0a243200163b1404229ed96e5bf56dd0a8e2f6a891d"}],"ParentHash":[{"text":"0x37a0d9c0639ea8ad463ac0a243200163b1404229ed96e5bf56dd0a8e2f6a891d"}]},{"block-information":[{"text":"Sha3Uncles:"},{"text":"0x1dcc4de8dec75d7aab85b567b6ccd41ad312451b948a7413f0a142fd40d49347"}]},{"block-information":[{"text":"Mined By:"},{"text":"0xea674fdde714fd979de3edf0f56aa9716b898ec8 (Ethermine) in 2 secs"}]},{"block-information":[{"text":"Difficulty:"},{"text":"881,797,146,951,814"}],"difficulty":[{"text":"881,797,146,951,814"}]},{"block-information":[{"text":"Total Difficulty:"},{"text":"393,500,733,717,107,865,316"}]},{"block-information":[{"text":"Size:"},{"text":"4351 bytes"}]},{"block-information":[{"text":"Gas Limit:"},{"text":"4,712,394"}]},{"block-information":[{"text":"Gas Used:"},{"text":"729,879"}],"gas_used":[{"text":"729,879"}]},{"block-information":[{"text":"Nonce:"},{"text":"0x88c180d800055b8c8c"}]},{"block-information":[{"text":"Block Reward:"},{"text":"5.02160191690509 Ether (5 + 0.02160191690509)"}]},{"block-information":[{"text":"Uncles Reward:"},{"text":"0"}]},{"block-information":[{"text":"Extra Data:"},{"text":"ethermine-eu4 (Hex:0x65746865726d696e652d657534)"}]}]}]},"pageData":{"resourceId":"d43b34bdf6ef3506a9998d9a79ca1037","statusCode":200,"timestamp":1498324217836},"timestamp":1498324746880,"sequenceNumber":2}}
{"url":"https://etherscan.io/block/3923768","result":{"extractorData":{"url":"https://etherscan.io/block/3923768","resourceId":"70f047018a75f379fc37fefa37edb04d","data":[{"group":[{"height":[{"text":"3923768"}],"block-information":[{"text":"TimeStamp:"},{"text":"23 mins ago (Jun-24-2017 04:56:02 PM +UTC)"}]},{"block-information":[{"text":"Transactions:"},{"text":"88 transactions and 11 contract internal transactions in this block"}],"transactions":[{"text":"88 transactions and 11 contract internal transactions in this block"}]},{"block-information":[{"text":"Hash:"},{"text":"0xf29006f30cb8700b00c99df89776c3ca1d6672fa13f1a536098ea3f172724de1"}],"Hash":[{"text":"0xf29006f30cb8700b00c99df89776c3ca1d6672fa13f1a536098ea3f172724de1"}]},{"block-information":[{"text":"Parent Hash:"},{"text":"0xd7aade449d8964a59e215a1b6c51915f92486bb3dac7986b81e57dfdd9cd7d16"}],"ParentHash":[{"text":"0xd7aade449d8964a59e215a1b6c51915f92486bb3dac7986b81e57dfdd9cd7d16"}]},{"block-information":[{"text":"Sha3Uncles:"},{"text":"0x1dcc4de8dec75d7aab85b567b6ccd41ad312451b948a7413f0a142fd40d49347"}]},{"block-information":[{"text":"Mined By:"},{"text":"0xea674fdde714fd979de3edf0f56aa9716b898ec8 (Ethermine) in 21 secs"}]},{"block-information":[{"text":"Difficulty:"},{"text":"881,046,857,387,125"}],"difficulty":[{"text":"881,046,857,387,125"}]},{"block-information":[{"text":"Total Difficulty:"},{"text":"393,484,864,297,321,479,858"}]},{"block-information":[{"text":"Size:"},{"text":"13882 bytes"}]},{"block-information":[{"text":"Gas Limit:"},{"text":"4,712,394"}]},{"block-information":[{"text":"Gas Used:"},{"text":"4,671,277"}],"gas_used":[{"text":"4,671,277"}]},{"block-information":[{"text":"Nonce:"},{"text":"0x888f53faf820a7eee8"}]},{"block-information":[{"text":"Block Reward:"},{"text":"5.091103180900503094 Ether (5 + 0.091103180900503094)"}]},{"block-information":[{"text":"Uncles Reward:"},{"text":"0"}]},{"block-information":[{"text":"Extra Data:"},{"text":"ethermine-us2 (Hex:0x65746865726d696e652d757332)"}]}]}]},"pageData":{"resourceId":"70f047018a75f379fc37fefa37edb04d","statusCode":200,"timestamp":1498324747464},"timestamp":1498324747866,"sequenceNumber":3}}
{"url":"https://etherscan.io/block/3923785","result":{"extractorData":{"url":"https://etherscan.io/block/3923785","resourceId":"720b049e64362943be4f88fdb9969dea","data":[{"group":[{"height":[{"text":"3923785"}],"block-information":[{"text":"TimeStamp:"},{"text":"18 mins ago (Jun-24-2017 05:00:58 PM +UTC)"}]},{"block-information":[{"text":"Transactions:"},{"text":"16 transactions and 1 contract internal transaction in this block"}],"transactions":[{"text":"16 transactions and 1 contract internal transaction in this block"}]},{"block-information":[{"text":"Hash:"},{"text":"0x37a0d9c0639ea8ad463ac0a243200163b1404229ed96e5bf56dd0a8e2f6a891d"}],"Hash":[{"text":"0x37a0d9c0639ea8ad463ac0a243200163b1404229ed96e5bf56dd0a8e2f6a891d"}]},{"block-information":[{"text":"Parent Hash:"},{"text":"0x6f065de72684687847766fa58dcd3e5909c706f9c6bac9a18282262bfb42669a"}],"ParentHash":[{"text":"0x6f065de72684687847766fa58dcd3e5909c706f9c6bac9a18282262bfb42669a"}]},{"block-information":[{"text":"Sha3Uncles:"},{"text":"0x1dcc4de8dec75d7aab85b567b6ccd41ad312451b948a7413f0a142fd40d49347"}]},{"block-information":[{"text":"Mined By:"},{"text":"0x829bd824b016326a401d083b33d092293333a830 in 24 secs"}]},{"block-information":[{"text":"Difficulty:"},{"text":"881,229,420,195,513"}],"difficulty":[{"text":"881,229,420,195,513"}]},{"block-information":[{"text":"Total Difficulty:"},{"text":"393,499,851,919,960,913,502"}]},{"block-information":[{"text":"Size:"},{"text":"2454 bytes"}]},{"block-information":[{"text":"Gas Limit:"},{"text":"4,713,743"}]},{"block-information":[{"text":"Gas Used:"},{"text":"383,869"}],"gas_used":[{"text":"383,869"}]},{"block-information":[{"text":"Nonce:"},{"text":"0x88ee60e330013506f4"}]},{"block-information":[{"text":"Block Reward:"},{"text":"5.030944561638862593 Ether (5 + 0.030944561638862593)"}]},{"block-information":[{"text":"Uncles Reward:"},{"text":"0"}]},{"block-information":[{"text":"Extra Data:"},{"text":"ä¸ƒå½©ç¥žä»™é±¼ (Hex:0xe4b883e5bda9e7a59ee4bb99e9b1bc)"}]}]}]},"pageData":{"resourceId":"720b049e64362943be4f88fdb9969dea","statusCode":200,"timestamp":1498324748295},"timestamp":1498324748857,"sequenceNumber":4}}
{"url":"https://etherscan.io/block/3923784","result":{"extractorData":{"url":"https://etherscan.io/block/3923784","resourceId":"3dea3911f283c92299715284172b4eab","data":[{"group":[{"height":[{"text":"3923784"}],"block-information":[{"text":"TimeStamp:"},{"text":"18 mins ago (Jun-24-2017 05:00:34 PM +UTC)"}]},{"block-information":[{"text":"Transactions:"},{"text":"76 transactions and 21 contract internal transactions in this block"}],"transactions":[{"text":"76 transactions and 21 contract internal transactions in this block"}]},{"block-information":[{"text":"Hash:"},{"text":"0x6f065de72684687847766fa58dcd3e5909c706f9c6bac9a18282262bfb42669a"}],"Hash":[{"text":"0x6f065de72684687847766fa58dcd3e5909c706f9c6bac9a18282262bfb42669a"}]},{"block-information":[{"text":"Parent Hash:"},{"text":"0x273e80bf3cf3ab831f1fc5e1c26e1048db117d9fad8c08cb49e03664774692c3"}],"ParentHash":[{"text":"0x273e80bf3cf3ab831f1fc5e1c26e1048db117d9fad8c08cb49e03664774692c3"}]},{"block-information":[{"text":"Sha3Uncles:"},{"text":"0x1dcc4de8dec75d7aab85b567b6ccd41ad312451b948a7413f0a142fd40d49347"}]},{"block-information":[{"text":"Mined By:"},{"text":"0x1e9939daaad6924ad004c2560e90804164900341 (ethfans.org) in 32 secs"}]},{"block-information":[{"text":"Difficulty:"},{"text":"881,522,412,107,327"}],"difficulty":[{"text":"881,522,412,107,327"}]},{"block-information":[{"text":"Total Difficulty:"},{"text":"393,498,970,690,540,717,989"}]},{"block-information":[{"text":"Size:"},{"text":"13673 bytes"}]},{"block-information":[{"text":"Gas Limit:"},{"text":"4,711,506"}]},{"block-information":[{"text":"Gas Used:"},{"text":"4,667,547"}],"gas_used":[{"text":"4,667,547"}]},{"block-information":[{"text":"Nonce:"},{"text":"0x8832092a800f979827"}]},{"block-information":[{"text":"Block Reward:"},{"text":"5.10075991380307515 Ether (5 + 0.10075991380307515)"}]},{"block-information":[{"text":"Uncles Reward:"},{"text":"0"}]},{"block-information":[{"text":"Extra Data:"},{"text":"pool.ethfans.org (MN6) (Hex:0x706f6f6c2e65746866616e732e6f726720284d4e3629)"}]}]}]},"pageData":{"resourceId":"3dea3911f283c92299715284172b4eab","statusCode":200,"timestamp":1498324749305},"timestamp":1498324749884,"sequenceNumber":5}}
{"url":"https://etherscan.io/block/3923783","result":{"extractorData":{"url":"https://etherscan.io/block/3923783","resourceId":"30c06708ea37cc475f2d9b88c8f8468f","data":[{"group":[{"height":[{"text":"3923783"}],"block-information":[{"text":"TimeStamp:"},{"text":"19 mins ago (Jun-24-2017 05:00:02 PM +UTC)"}]},{"block-information":[{"text":"Transactions:"},{"text":"34 transactions and 7 contract internal transactions in this block"}],"transactions":[{"text":"34 transactions and 7 contract internal transactions in this block"}]},{"block-information":[{"text":"Hash:"},{"text":"0x273e80bf3cf3ab831f1fc5e1c26e1048db117d9fad8c08cb49e03664774692c3"}],"Hash":[{"text":"0x273e80bf3cf3ab831f1fc5e1c26e1048db117d9fad8c08cb49e03664774692c3"}]},{"block-information":[{"text":"Parent Hash:"},{"text":"0xe218561e932a4c3f1cd7a4c6a4380745cda6a6aa917f7905a98e1b21f36454c2"}],"ParentHash":[{"text":"0xe218561e932a4c3f1cd7a4c6a4380745cda6a6aa917f7905a98e1b21f36454c2"}]},{"block-information":[{"text":"Sha3Uncles:"},{"text":"0x1dcc4de8dec75d7aab85b567b6ccd41ad312451b948a7413f0a142fd40d49347"}]},{"block-information":[{"text":"Mined By:"},{"text":"0xf3b9d2c81f2b24b0fa0acaaa865b7d9ced5fc2fb (bitclubpool) in 29 secs"}]},{"block-information":[{"text":"Difficulty:"},{"text":"882,246,542,042,567"}],"difficulty":[{"text":"882,246,542,042,567"}]},{"block-information":[{"text":"Total Difficulty:"},{"text":"393,498,089,168,128,610,662"}]},{"block-information":[{"text":"Size:"},{"text":"5230 bytes"}]},{"block-information":[{"text":"Gas Limit:"},{"text":"4,706,918"}]},{"block-information":[{"text":"Gas Used:"},{"text":"1,778,906"}],"gas_used":[{"text":"1,778,906"}]},{"block-information":[{"text":"Nonce:"},{"text":"0x88297516da09270f15"}]},{"block-information":[{"text":"Block Reward:"},{"text":"5.058717022244017817 Ether (5 + 0.058717022244017817)"}]},{"block-information":[{"text":"Uncles Reward:"},{"text":"0"}]},{"block-information":[{"text":"Extra Data:"},{"text":"01040c/Parity/1.15.1/li (Hex:0xd58301040c8650617269747986312e31352e31826c69)"}]}]}]},"pageData":{"resourceId":"30c06708ea37cc475f2d9b88c8f8468f","statusCode":200,"timestamp":1498324750704},"timestamp":1498324750870,"sequenceNumber":6}}
{"url":"https://etherscan.io/block/3923782","result":{"extractorData":{"url":"https://etherscan.io/block/3923782","resourceId":"5130de4f973ee88433e800cf116cc7be","data":[{"group":[{"height":[{"text":"3923782"}],"block-information":[{"text":"TimeStamp:"},{"text":"19 mins ago (Jun-24-2017 04:59:33 PM +UTC)"}]},{"block-information":[{"text":"Transactions:"},{"text":"3 transactions and 0 contract internal transactions in this block"}],"transactions":[{"text":"3 transactions and 0 contract internal transactions in this block"}]},{"block-information":[{"text":"Hash:"},{"text":"0xe218561e932a4c3f1cd7a4c6a4380745cda6a6aa917f7905a98e1b21f36454c2"}],"Hash":[{"text":"0xe218561e932a4c3f1cd7a4c6a4380745cda6a6aa917f7905a98e1b21f36454c2"}]},{"block-information":[{"text":"Parent Hash:"},{"text":"0xe3a667c8775e1a0f25cd7fbd6a4733602001598865bf5099fbdd67b8db4ad8f5"}],"ParentHash":[{"text":"0xe3a667c8775e1a0f25cd7fbd6a4733602001598865bf5099fbdd67b8db4ad8f5"}]},{"block-information":[{"text":"Sha3Uncles:"},{"text":"0x1dcc4de8dec75d7aab85b567b6ccd41ad312451b948a7413f0a142fd40d49347"}]},{"block-information":[{"text":"Mined By:"},{"text":"0x829bd824b016326a401d083b33d092293333a830 in 9 secs"}]},{"block-information":[{"text":"Difficulty:"},{"text":"882,540,030,838,527"}],"difficulty":[{"text":"882,540,030,838,527"}]},{"block-information":[{"text":"Total Difficulty:"},{"text":"393,497,206,921,586,568,095"}]},{"block-information":[{"text":"Size:"},{"text":"1032 bytes"}]},{"block-information":[{"text":"Gas Limit:"},{"text":"4,711,513"}]},{"block-information":[{"text":"Gas Used:"},{"text":"94,845"}],"gas_used":[{"text":"94,845"}]},{"block-information":[{"text":"Nonce:"},{"text":"0x88a62d53a011b86543"}]},{"block-information":[{"text":"Block Reward:"},{"text":"5.005026095 Ether (5 + 0.005026095)"}]},{"block-information":[{"text":"Uncles Reward:"},{"text":"0"}]},{"block-information":[{"text":"Extra Data:"},{"text":"ä¸ƒå½©ç¥žä»™é±¼ (Hex:0xe4b883e5bda9e7a59ee4bb99e9b1bc)"}]}]}]},"pageData":{"resourceId":"5130de4f973ee88433e800cf116cc7be","statusCode":200,"timestamp":1498324751445},"timestamp":1498324751860,"sequenceNumber":7}}
{"url":"https://etherscan.io/block/3923781","result":{"extractorData":{"url":"https://etherscan.io/block/3923781","resourceId":"16722f888c841396560bfc9f98ded32d","data":[{"group":[{"height":[{"text":"3923781"}],"block-information":[{"text":"TimeStamp:"},{"text":"19 mins ago (Jun-24-2017 04:59:24 PM +UTC)"}]},{"block-information":[{"text":"Transactions:"},{"text":"17 transactions and 7 contract internal transactions in this block"}],"transactions":[{"text":"17 transactions and 7 contract internal transactions in this block"}]},{"block-information":[{"text":"Hash:"},{"text":"0xe3a667c8775e1a0f25cd7fbd6a4733602001598865bf5099fbdd67b8db4ad8f5"}],"Hash":[{"text":"0xe3a667c8775e1a0f25cd7fbd6a4733602001598865bf5099fbdd67b8db4ad8f5"}]},{"block-information":[{"text":"Parent Hash:"},{"text":"0xcde0a286ac7650361d570b5b81826e34fec7b5e693f9a8f4c030c19fcbdca946"}],"ParentHash":[{"text":"0xcde0a286ac7650361d570b5b81826e34fec7b5e693f9a8f4c030c19fcbdca946"}]},{"block-information":[{"text":"Sha3Uncles:"},{"text":"0x1dcc4de8dec75d7aab85b567b6ccd41ad312451b948a7413f0a142fd40d49347"}]},{"block-information":[{"text":"Mined By:"},{"text":"0x52bc44d5378309ee2abf1539bf71de1b7d7be3b5 (Nanopool) in 4 secs"}]},{"block-information":[{"text":"Difficulty:"},{"text":"881,971,941,522,984"}],"difficulty":[{"text":"881,971,941,522,984"}]},{"block-information":[{"text":"Total Difficulty:"},{"text":"393,496,324,381,555,729,568"}]},{"block-information":[{"text":"Size:"},{"text":"10211 bytes"}]},{"block-information":[{"text":"Gas Limit:"},{"text":"4,712,394"}]},{"block-information":[{"text":"Gas Used:"},{"text":"2,539,308"}],"gas_used":[{"text":"2,539,308"}]},{"block-information":[{"text":"Nonce:"},{"text":"0x88a00930d003b86ec5"}]},{"block-information":[{"text":"Block Reward:"},{"text":"5.058479878 Ether (5 + 0.058479878)"}]},{"block-information":[{"text":"Uncles Reward:"},{"text":"0"}]},{"block-information":[{"text":"Extra Data:"},{"text":"nanopool.org (Hex:0x6e616e6f706f6f6c2e6f7267)"}]}]}]},"pageData":{"resourceId":"16722f888c841396560bfc9f98ded32d","statusCode":200,"timestamp":1498324752505},"timestamp":1498324752935,"sequenceNumber":8}}
{"url":"https://etherscan.io/block/3923780","result":{"extractorData":{"url":"https://etherscan.io/block/3923780","resourceId":"3e2bced231b02e1b397acefdfc8c342a","data":[{"group":[{"height":[{"text":"3923780"}],"block-information":[{"text":"TimeStamp:"},{"text":"19 mins ago (Jun-24-2017 04:59:20 PM +UTC)"}]},{"block-information":[{"text":"Transactions:"},{"text":"38 transactions and 7 contract internal transactions in this block"}],"transactions":[{"text":"38 transactions and 7 contract internal transactions in this block"}]},{"block-information":[{"text":"Hash:"},{"text":"0xcde0a286ac7650361d570b5b81826e34fec7b5e693f9a8f4c030c19fcbdca946"}],"Hash":[{"text":"0xcde0a286ac7650361d570b5b81826e34fec7b5e693f9a8f4c030c19fcbdca946"}]},{"block-information":[{"text":"Parent Hash:"},{"text":"0xff43ff8368338eef6c4287ee80be4d651415e47db418f65e124eb395fd7b3ed3"}],"ParentHash":[{"text":"0xff43ff8368338eef6c4287ee80be4d651415e47db418f65e124eb395fd7b3ed3"}]},{"block-information":[{"text":"Sha3Uncles:"},{"text":"0x1dcc4de8dec75d7aab85b567b6ccd41ad312451b948a7413f0a142fd40d49347"}]},{"block-information":[{"text":"Mined By:"},{"text":"0x52bc44d5378309ee2abf1539bf71de1b7d7be3b5 (Nanopool) in 17 secs"}]},{"block-information":[{"text":"Difficulty:"},{"text":"881,404,129,459,425"}],"difficulty":[{"text":"881,404,129,459,425"}]},{"block-information":[{"text":"Total Difficulty:"},{"text":"393,495,442,409,614,206,584"}]},{"block-information":[{"text":"Size:"},{"text":"5645 bytes"}]},{"block-information":[{"text":"Gas Limit:"},{"text":"4,712,394"}]},{"block-information":[{"text":"Gas Used:"},{"text":"1,731,520"}],"gas_used":[{"text":"1,731,520"}]},{"block-information":[{"text":"Nonce:"},{"text":"0x885cfd36a002a43768"}]},{"block-information":[{"text":"Block Reward:"},{"text":"5.067631062872023478 Ether (5 + 0.067631062872023478)"}]},{"block-information":[{"text":"Uncles Reward:"},{"text":"0"}]},{"block-information":[{"text":"Extra Data:"},{"text":"nanopool.org (Hex:0x6e616e6f706f6f6c2e6f7267)"}]}]}]},"pageData":{"resourceId":"3e2bced231b02e1b397acefdfc8c342a","statusCode":200,"timestamp":1498324753721},"timestamp":1498324753938,"sequenceNumber":9}}
{"url":"https://etherscan.io/block/3923779","result":{"extractorData":{"url":"https://etherscan.io/block/3923779","resourceId":"d3cbdd0c103f5719a3500d50c78ce0b5","data":[{"group":[{"height":[{"text":"3923779"}],"block-information":[{"text":"TimeStamp:"},{"text":"20 mins ago (Jun-24-2017 04:59:03 PM +UTC)"}]},{"block-information":[{"text":"Transactions:"},{"text":"32 transactions and 6 contract internal transactions in this block"}],"transactions":[{"text":"32 transactions and 6 contract internal transactions in this block"}]},{"block-information":[{"text":"Hash:"},{"text":"0xff43ff8368338eef6c4287ee80be4d651415e47db418f65e124eb395fd7b3ed3"}],"Hash":[{"text":"0xff43ff8368338eef6c4287ee80be4d651415e47db418f65e124eb395fd7b3ed3"}]},{"block-information":[{"text":"Parent Hash:"},{"text":"0xaa545d94210752ee5d05eb076bcb876a3dd9e031dcaed3245d80b331f6eb0c5a"}],"ParentHash":[{"text":"0xaa545d94210752ee5d05eb076bcb876a3dd9e031dcaed3245d80b331f6eb0c5a"}]},{"block-information":[{"text":"Sha3Uncles:"},{"text":"0x1dcc4de8dec75d7aab85b567b6ccd41ad312451b948a7413f0a142fd40d49347"}]},{"block-information":[{"text":"Mined By:"},{"text":"0x52bc44d5378309ee2abf1539bf71de1b7d7be3b5 (Nanopool) in 15 secs"}]},{"block-information":[{"text":"Difficulty:"},{"text":"881,266,690,505,953"}],"difficulty":[{"text":"881,266,690,505,953"}]},{"block-information":[{"text":"Total Difficulty:"},{"text":"393,494,561,005,484,747,159"}]},{"block-information":[{"text":"Size:"},{"text":"4874 bytes"}]},{"block-information":[{"text":"Gas Limit:"},{"text":"4,712,394"}]},{"block-information":[{"text":"Gas Used:"},{"text":"2,330,050"}],"gas_used":[{"text":"2,330,050"}]},{"block-information":[{"text":"Nonce:"},{"text":"0x88bfa8f3b80f1c6980"}]},{"block-information":[{"text":"Block Reward:"},{"text":"5.08427737761594095 Ether (5 + 0.08427737761594095)"}]},{"block-information":[{"text":"Uncles Reward:"},{"text":"0"}]},{"block-information":[{"text":"Extra Data:"},{"text":"nanopool.org (Hex:0x6e616e6f706f6f6c2e6f7267)"}]}]}]},"pageData":{"resourceId":"d3cbdd0c103f5719a3500d50c78ce0b5","statusCode":200,"timestamp":1498324754811},"timestamp":1498324754978,"sequenceNumber":10}}
{"url":"https://etherscan.io/block/3923778","result":{"extractorData":{"url":"https://etherscan.io/block/3923778","resourceId":"ba2bf5253b94985e5dbe9d8502e2a69e","data":[{"group":[{"height":[{"text":"3923778"}],"block-information":[{"text":"TimeStamp:"},{"text":"20 mins ago (Jun-24-2017 04:58:48 PM +UTC)"}]},{"block-information":[{"text":"Transactions:"},{"text":"49 transactions and 10 contract internal transactions in this block"}],"transactions":[{"text":"49 transactions and 10 contract internal transactions in this block"}]},{"block-information":[{"text":"Hash:"},{"text":"0xaa545d94210752ee5d05eb076bcb876a3dd9e031dcaed3245d80b331f6eb0c5a"}],"Hash":[{"text":"0xaa545d94210752ee5d05eb076bcb876a3dd9e031dcaed3245d80b331f6eb0c5a"}]},{"block-information":[{"text":"Parent Hash:"},{"text":"0xf5533f8b70e95c0f6d575a31663a8dc192a79372f0686043f1a79d539cac692a"}],"ParentHash":[{"text":"0xf5533f8b70e95c0f6d575a31663a8dc192a79372f0686043f1a79d539cac692a"}]},{"block-information":[{"text":"Sha3Uncles:"},{"text":"0x05ee2619bb0cb6a8b6e103d460f8aef4faa10312629355251481eed6640f6df7"}]},{"block-information":[{"text":"Mined By:"},{"text":"0x1e9939daaad6924ad004c2560e90804164900341 (ethfans.org) in 27 secs"}]},{"block-information":[{"text":"Difficulty:"},{"text":"881,129,251,552,481"}],"difficulty":[{"text":"881,129,251,552,481"}]},{"block-information":[{"text":"Total Difficulty:"},{"text":"393,493,679,738,794,241,206"}]},{"block-information":[{"text":"Size:"},{"text":"8620 bytes"}]},{"block-information":[{"text":"Gas Limit:"},{"text":"4,712,357"}]},{"block-information":[{"text":"Gas Used:"},{"text":"3,391,377"}],"gas_used":[{"text":"3,391,377"}]},{"block-information":[{"text":"Nonce:"},{"text":"0x88ee4b4e94150870c0"}]},{"block-information":[{"text":"Block Reward:"},{"text":"5.248953455200220047 Ether (5 + 0.092703455200220047 + 0.15625)"}]},{"block-information":[{"text":"Uncles Reward:"},{"text":"2.5 Ether (1 Uncle at Position 0)"}]},{"block-information":[{"text":"Extra Data:"},{"text":"pool.ethfans.org (MN9) (Hex:0x706f6f6c2e65746866616e732e6f726720284d4e3929)"}]}]}]},"pageData":{"resourceId":"ba2bf5253b94985e5dbe9d8502e2a69e","statusCode":200,"timestamp":1498324755368},"timestamp":1498324755903,"sequenceNumber":11}}
{"url":"https://etherscan.io/block/3923777","result":{"extractorData":{"url":"https://etherscan.io/block/3923777","resourceId":"d8689146b240d91d5539c96405759efe","data":[{"group":[{"height":[{"text":"3923777"}],"block-information":[{"text":"TimeStamp:"},{"text":"20 mins ago (Jun-24-2017 04:58:21 PM +UTC)"}]},{"block-information":[{"text":"Transactions:"},{"text":"78 transactions and 7 contract internal transactions in this block"}],"transactions":[{"text":"78 transactions and 7 contract internal transactions in this block"}]},{"block-information":[{"text":"Hash:"},{"text":"0xf5533f8b70e95c0f6d575a31663a8dc192a79372f0686043f1a79d539cac692a"}],"Hash":[{"text":"0xf5533f8b70e95c0f6d575a31663a8dc192a79372f0686043f1a79d539cac692a"}]},{"block-information":[{"text":"Parent Hash:"},{"text":"0xd36aaa8df2705f3b577810c2b68f07f7d46f504930c33cde9f5dd21749114874"}],"ParentHash":[{"text":"0xd36aaa8df2705f3b577810c2b68f07f7d46f504930c33cde9f5dd21749114874"}]},{"block-information":[{"text":"Sha3Uncles:"},{"text":"0x1dcc4de8dec75d7aab85b567b6ccd41ad312451b948a7413f0a142fd40d49347"}]},{"block-information":[{"text":"Mined By:"},{"text":"0xc0ea08a2d404d3172d2add29a45be56da40e2949 in 21 secs"}]},{"block-information":[{"text":"Difficulty:"},{"text":"881,422,194,529,931"}],"difficulty":[{"text":"881,422,194,529,931"}]},{"block-information":[{"text":"Total Difficulty:"},{"text":"393,492,798,609,542,688,725"}]},{"block-information":[{"text":"Size:"},{"text":"13247 bytes"}]},{"block-information":[{"text":"Gas Limit:"},{"text":"4,707,794"}]},{"block-information":[{"text":"Gas Used:"},{"text":"3,096,987"}],"gas_used":[{"text":"3,096,987"}]},{"block-information":[{"text":"Nonce:"},{"text":"0x8861cd5928170fce13"}]},{"block-information":[{"text":"Block Reward:"},{"text":"5.108917474553016908 Ether (5 + 0.108917474553016908)"}]},{"block-information":[{"text":"Uncles Reward:"},{"text":"0"}]},{"block-information":[{"text":"Extra Data:"},{"text":"www.bw.com (Hex:0x7777772e62772e636f6d)"}]}]}]},"pageData":{"resourceId":"d8689146b240d91d5539c96405759efe","statusCode":200,"timestamp":1498324756398},"timestamp":1498324756924,"sequenceNumber":12}}
{"url":"https://etherscan.io/block/3923776","result":{"extractorData":{"url":"https://etherscan.io/block/3923776","resourceId":"de6bbfc51402321926e32b218357b5f3","data":[{"group":[{"height":[{"text":"3923776"}],"block-information":[{"text":"TimeStamp:"},{"text":"21 mins ago (Jun-24-2017 04:58:00 PM +UTC)"}]},{"block-information":[{"text":"Transactions:"},{"text":"80 transactions and 23 contract internal transactions in this block"}],"transactions":[{"text":"80 transactions and 23 contract internal transactions in this block"}]},{"block-information":[{"text":"Hash:"},{"text":"0xd36aaa8df2705f3b577810c2b68f07f7d46f504930c33cde9f5dd21749114874"}],"Hash":[{"text":"0xd36aaa8df2705f3b577810c2b68f07f7d46f504930c33cde9f5dd21749114874"}]},{"block-information":[{"text":"Parent Hash:"},{"text":"0x75cf2741045b6bf5dcce6c5e3629d423a3e0a8a4a23c8c5e521daaf5d65aae0c"}],"ParentHash":[{"text":"0x75cf2741045b6bf5dcce6c5e3629d423a3e0a8a4a23c8c5e521daaf5d65aae0c"}]},{"block-information":[{"text":"Sha3Uncles:"},{"text":"0x1dcc4de8dec75d7aab85b567b6ccd41ad312451b948a7413f0a142fd40d49347"}]},{"block-information":[{"text":"Mined By:"},{"text":"0x2a65aca4d5fc5b5c859090a6c34d164135398226 (DwarfPool1) in 18 secs"}]},{"block-information":[{"text":"Difficulty:"},{"text":"881,715,280,615,822"}],"difficulty":[{"text":"881,715,280,615,822"}]},{"block-information":[{"text":"Total Difficulty:"},{"text":"393,491,917,187,348,158,794"}]},{"block-information":[{"text":"Size:"},{"text":"11583 bytes"}]},{"block-information":[{"text":"Gas Limit:"},{"text":"4,712,394"}]},{"block-information":[{"text":"Gas Used:"},{"text":"3,906,503"}],"gas_used":[{"text":"3,906,503"}]},{"block-information":[{"text":"Nonce:"},{"text":"0x882b9fed680e7e77f9"}]},{"block-information":[{"text":"Block Reward:"},{"text":"5.096577563179959034 Ether (5 + 0.096577563179959034)"}]},{"block-information":[{"text":"Uncles Reward:"},{"text":"0"}]},{"block-information":[{"text":"Extra Data:"},{"text":"DwarfPool (Hex:0x4477617266506f6f6c)"}]}]}]},"pageData":{"resourceId":"de6bbfc51402321926e32b218357b5f3","statusCode":200,"timestamp":1498324757707},"timestamp":1498324757897,"sequenceNumber":13}}
{"url":"https://etherscan.io/block/3923775","result":{"extractorData":{"url":"https://etherscan.io/block/3923775","resourceId":"12ea3fea2f7558662d636d7f70b10206","data":[{"group":[{"height":[{"text":"3923775"}],"block-information":[{"text":"TimeStamp:"},{"text":"21 mins ago (Jun-24-2017 04:57:42 PM +UTC)"}]},{"block-information":[{"text":"Transactions:"},{"text":"32 transactions and 12 contract internal transactions in this block"}],"transactions":[{"text":"32 transactions and 12 contract internal transactions in this block"}]},{"block-information":[{"text":"Hash:"},{"text":"0x75cf2741045b6bf5dcce6c5e3629d423a3e0a8a4a23c8c5e521daaf5d65aae0c"}],"Hash":[{"text":"0x75cf2741045b6bf5dcce6c5e3629d423a3e0a8a4a23c8c5e521daaf5d65aae0c"}]},{"block-information":[{"text":"Parent Hash:"},{"text":"0x9bd1b592273cedf6aa09fd9cc17f0e3a90adfa3c4582cf7a1e6d5e785ff7b3a5"}],"ParentHash":[{"text":"0x9bd1b592273cedf6aa09fd9cc17f0e3a90adfa3c4582cf7a1e6d5e785ff7b3a5"}]},{"block-information":[{"text":"Sha3Uncles:"},{"text":"0x1dcc4de8dec75d7aab85b567b6ccd41ad312451b948a7413f0a142fd40d49347"}]},{"block-information":[{"text":"Mined By:"},{"text":"0x829bd824b016326a401d083b33d092293333a830 in 25 secs"}]},{"block-information":[{"text":"Difficulty:"},{"text":"881,577,841,662,350"}],"difficulty":[{"text":"881,577,841,662,350"}]},{"block-information":[{"text":"Total Difficulty:"},{"text":"393,491,035,472,067,542,972"}]},{"block-information":[{"text":"Size:"},{"text":"6003 bytes"}]},{"block-information":[{"text":"Gas Limit:"},{"text":"4,713,051"}]},{"block-information":[{"text":"Gas Used:"},{"text":"1,273,640"}],"gas_used":[{"text":"1,273,640"}]},{"block-information":[{"text":"Nonce:"},{"text":"0x88f280ee58081c2d51"}]},{"block-information":[{"text":"Block Reward:"},{"text":"5.066242481626888 Ether (5 + 0.066242481626888)"}]},{"block-information":[{"text":"Uncles Reward:"},{"text":"0"}]},{"block-information":[{"text":"Extra Data:"},{"text":"ä¸ƒå½©ç¥žä»™é±¼ (Hex:0xe4b883e5bda9e7a59ee4bb99e9b1bc)"}]}]}]},"pageData":{"resourceId":"12ea3fea2f7558662d636d7f70b10206","statusCode":200,"timestamp":1498324758389},"timestamp":1498324758932,"sequenceNumber":14}}
{"url":"https://etherscan.io/block/3923774","result":{"extractorData":{"url":"https://etherscan.io/block/3923774","resourceId":"cc1ce05e407d6dd8fc5fa469003202ce","data":[{"group":[{"height":[{"text":"3923774"}],"block-information":[{"text":"TimeStamp:"},{"text":"22 mins ago (Jun-24-2017 04:57:17 PM +UTC)"}]},{"block-information":[{"text":"Transactions:"},{"text":"65 transactions and 19 contract internal transactions in this block"}],"transactions":[{"text":"65 transactions and 19 contract internal transactions in this block"}]},{"block-information":[{"text":"Hash:"},{"text":"0x9bd1b592273cedf6aa09fd9cc17f0e3a90adfa3c4582cf7a1e6d5e785ff7b3a5"}],"Hash":[{"text":"0x9bd1b592273cedf6aa09fd9cc17f0e3a90adfa3c4582cf7a1e6d5e785ff7b3a5"}]},{"block-information":[{"text":"Parent Hash:"},{"text":"0xb71b659e92d01bfd84eaea04e228e1dacb0241483b4e0b2cc7d562d026d643cb"}],"ParentHash":[{"text":"0xb71b659e92d01bfd84eaea04e228e1dacb0241483b4e0b2cc7d562d026d643cb"}]},{"block-information":[{"text":"Sha3Uncles:"},{"text":"0x1dcc4de8dec75d7aab85b567b6ccd41ad312451b948a7413f0a142fd40d49347"}]},{"block-information":[{"text":"Mined By:"},{"text":"0x1e9939daaad6924ad004c2560e90804164900341 (ethfans.org) in 20 secs"}]},{"block-information":[{"text":"Difficulty:"},{"text":"881,871,003,784,944"}],"difficulty":[{"text":"881,871,003,784,944"}]},{"block-information":[{"text":"Total Difficulty:"},{"text":"393,490,153,894,225,880,622"}]},{"block-information":[{"text":"Size:"},{"text":"12134 bytes"}]},{"block-information":[{"text":"Gas Limit:"},{"text":"4,712,394"}]},{"block-information":[{"text":"Gas Used:"},{"text":"3,588,872"}],"gas_used":[{"text":"3,588,872"}]},{"block-information":[{"text":"Nonce:"},{"text":"0x88ec2c3270117d9e63"}]},{"block-information":[{"text":"Block Reward:"},{"text":"5.074477929000656191 Ether (5 + 0.074477929000656191)"}]},{"block-information":[{"text":"Uncles Reward:"},{"text":"0"}]},{"block-information":[{"text":"Extra Data:"},{"text":"ethfans - MN4 (Hex:0x65746866616e73202d204d4e34)"}]}]}]},"pageData":{"resourceId":"cc1ce05e407d6dd8fc5fa469003202ce","statusCode":200,"timestamp":1498324759658},"timestamp":1498324759905,"sequenceNumber":15}}
{"url":"https://etherscan.io/block/3923773","result":{"extractorData":{"url":"https://etherscan.io/block/3923773","resourceId":"645b1a2818ebff8f708dd44d80a39841","data":[{"group":[{"height":[{"text":"3923773"}],"block-information":[{"text":"TimeStamp:"},{"text":"22 mins ago (Jun-24-2017 04:56:57 PM +UTC)"}]},{"block-information":[{"text":"Transactions:"},{"text":"7 transactions and 0 contract internal transactions in this block"}],"transactions":[{"text":"7 transactions and 0 contract internal transactions in this block"}]},{"block-information":[{"text":"Hash:"},{"text":"0xb71b659e92d01bfd84eaea04e228e1dacb0241483b4e0b2cc7d562d026d643cb"}],"Hash":[{"text":"0xb71b659e92d01bfd84eaea04e228e1dacb0241483b4e0b2cc7d562d026d643cb"}]},{"block-information":[{"text":"Parent Hash:"},{"text":"0x783e71e29efd8a3712f95002b6b9d85388a884b21e4e0a9404ffd1a2446fe652"}],"ParentHash":[{"text":"0x783e71e29efd8a3712f95002b6b9d85388a884b21e4e0a9404ffd1a2446fe652"}]},{"block-information":[{"text":"Sha3Uncles:"},{"text":"0x3832f816244c26aada705ba8a85d1ef945f291c08f64fcc0fd172a02c67e7b99"}]},{"block-information":[{"text":"Mined By:"},{"text":"0x829bd824b016326a401d083b33d092293333a830 in 11 secs"}]},{"block-information":[{"text":"Difficulty:"},{"text":"882,164,309,123,035"}],"difficulty":[{"text":"882,164,309,123,035"}]},{"block-information":[{"text":"Total Difficulty:"},{"text":"393,489,272,023,222,095,678"}]},{"block-information":[{"text":"Size:"},{"text":"2029 bytes"}]},{"block-information":[{"text":"Gas Limit:"},{"text":"4,713,148"}]},{"block-information":[{"text":"Gas Used:"},{"text":"220,241"}],"gas_used":[{"text":"220,241"}]},{"block-information":[{"text":"Nonce:"},{"text":"0x8811c0a7700e6f2b0d"}]},{"block-information":[{"text":"Block Reward:"},{"text":"5.168285535958967288 Ether (5 + 0.012035535958967288 + 0.15625)"}]},{"block-information":[{"text":"Uncles Reward:"},{"text":"3.75 Ether (1 Uncle at Position 0)"}]},{"block-information":[{"text":"Extra Data:"},{"text":"ä¸ƒå½©ç¥žä»™é±¼ (Hex:0xe4b883e5bda9e7a59ee4bb99e9b1bc)"}]}]}]},"pageData":{"resourceId":"645b1a2818ebff8f708dd44d80a39841","statusCode":200,"timestamp":1498324760995},"timestamp":1498324761117,"sequenceNumber":16}}
{"url":"https://etherscan.io/block/3923772","result":{"extractorData":{"url":"https://etherscan.io/block/3923772","resourceId":"21491b5432d01654e3d73d52c5679bd8","data":[{"group":[{"height":[{"text":"3923772"}],"block-information":[{"text":"TimeStamp:"},{"text":"22 mins ago (Jun-24-2017 04:56:46 PM +UTC)"}]},{"block-information":[{"text":"Transactions:"},{"text":"22 transactions and 14 contract internal transactions in this block"}],"transactions":[{"text":"22 transactions and 14 contract internal transactions in this block"}]},{"block-information":[{"text":"Hash:"},{"text":"0x783e71e29efd8a3712f95002b6b9d85388a884b21e4e0a9404ffd1a2446fe652"}],"Hash":[{"text":"0x783e71e29efd8a3712f95002b6b9d85388a884b21e4e0a9404ffd1a2446fe652"}]},{"block-information":[{"text":"Parent Hash:"},{"text":"0x369ae23422f94a1239737c78348af13529139ae147cc82fcd55d5c24352dd922"}],"ParentHash":[{"text":"0x369ae23422f94a1239737c78348af13529139ae147cc82fcd55d5c24352dd922"}]},{"block-information":[{"text":"Sha3Uncles:"},{"text":"0x1dcc4de8dec75d7aab85b567b6ccd41ad312451b948a7413f0a142fd40d49347"}]},{"block-information":[{"text":"Mined By:"},{"text":"0x1e9939daaad6924ad004c2560e90804164900341 (ethfans.org) in 3 secs"}]},{"block-information":[{"text":"Difficulty:"},{"text":"882,026,870,169,563"}],"difficulty":[{"text":"882,026,870,169,563"}]},{"block-information":[{"text":"Total Difficulty:"},{"text":"393,488,389,858,912,972,643"}]},{"block-information":[{"text":"Size:"},{"text":"14624 bytes"}]},{"block-information":[{"text":"Gas Limit:"},{"text":"4,712,394"}]},{"block-information":[{"text":"Gas Used:"},{"text":"3,655,586"}],"gas_used":[{"text":"3,655,586"}]},{"block-information":[{"text":"Nonce:"},{"text":"0x8816447e7c0b03db8e"}]},{"block-information":[{"text":"Block Reward:"},{"text":"5.054272210001068188 Ether (5 + 0.054272210001068188)"}]},{"block-information":[{"text":"Uncles Reward:"},{"text":"0"}]},{"block-information":[{"text":"Extra Data:"},{"text":"ethfans - MN5 (Hex:0x65746866616e73202d204d4e35)"}]}]}]},"pageData":{"resourceId":"21491b5432d01654e3d73d52c5679bd8","statusCode":200,"timestamp":1498324761911},"timestamp":1498324762056,"sequenceNumber":17}}
{"url":"https://etherscan.io/block/3923771","result":{"extractorData":{"url":"https://etherscan.io/block/3923771","resourceId":"9db178f93ee8992aa31cb95d609980e4","data":[{"group":[{"height":[{"text":"3923771"}],"block-information":[{"text":"TimeStamp:"},{"text":"22 mins ago (Jun-24-2017 04:56:43 PM +UTC)"}]},{"block-information":[{"text":"Transactions:"},{"text":"29 transactions and 5 contract internal transactions in this block"}],"transactions":[{"text":"29 transactions and 5 contract internal transactions in this block"}]},{"block-information":[{"text":"Hash:"},{"text":"0x369ae23422f94a1239737c78348af13529139ae147cc82fcd55d5c24352dd922"}],"Hash":[{"text":"0x369ae23422f94a1239737c78348af13529139ae147cc82fcd55d5c24352dd922"}]},{"block-information":[{"text":"Parent Hash:"},{"text":"0x05262ba41f84f885f2ecb0ceae462ed5e69cd7dc256bdda6c4b8f5328eb6bcb0"}],"ParentHash":[{"text":"0x05262ba41f84f885f2ecb0ceae462ed5e69cd7dc256bdda6c4b8f5328eb6bcb0"}]},{"block-information":[{"text":"Sha3Uncles:"},{"text":"0x1dcc4de8dec75d7aab85b567b6ccd41ad312451b948a7413f0a142fd40d49347"}]},{"block-information":[{"text":"Mined By:"},{"text":"0xb2930b35844a230f00e51431acae96fe543a0347 (miningpoolhub_1) in 12 secs"}]},{"block-information":[{"text":"Difficulty:"},{"text":"881,459,031,298,465"}],"difficulty":[{"text":"881,459,031,298,465"}]},{"block-information":[{"text":"Total Difficulty:"},{"text":"393,487,507,832,042,803,080"}]},{"block-information":[{"text":"Size:"},{"text":"15292 bytes"}]},{"block-information":[{"text":"Gas Limit:"},{"text":"4,712,394"}]},{"block-information":[{"text":"Gas Used:"},{"text":"4,259,974"}],"gas_used":[{"text":"4,259,974"}]},{"block-information":[{"text":"Nonce:"},{"text":"0x88e9e5230800ff5306"}]},{"block-information":[{"text":"Block Reward:"},{"text":"5.265831922329251296 Ether (5 + 0.265831922329251296)"}]},{"block-information":[{"text":"Uncles Reward:"},{"text":"0"}]},{"block-information":[{"text":"Extra Data:"},{"text":"t8 (Hex:0x7438)"}]}]}]},"pageData":{"resourceId":"9db178f93ee8992aa31cb95d609980e4","statusCode":200,"timestamp":1498324762379},"timestamp":1498324762926,"sequenceNumber":18}}
{"url":"https://etherscan.io/block/3923770","result":{"extractorData":{"url":"https://etherscan.io/block/3923770","resourceId":"44634f7370bc0f948a994bfec23c575c","data":[{"group":[{"height":[{"text":"3923770"}],"block-information":[{"text":"TimeStamp:"},{"text":"22 mins ago (Jun-24-2017 04:56:31 PM +UTC)"}]},{"block-information":[{"text":"Transactions:"},{"text":"51 transactions and 18 contract internal transactions in this block"}],"transactions":[{"text":"51 transactions and 18 contract internal transactions in this block"}]},{"block-information":[{"text":"Hash:"},{"text":"0x05262ba41f84f885f2ecb0ceae462ed5e69cd7dc256bdda6c4b8f5328eb6bcb0"}],"Hash":[{"text":"0x05262ba41f84f885f2ecb0ceae462ed5e69cd7dc256bdda6c4b8f5328eb6bcb0"}]},{"block-information":[{"text":"Parent Hash:"},{"text":"0x0eba9f778da7f4676427b6f5b4f1267a161998fd3117899060764c17e7f331b2"}],"ParentHash":[{"text":"0x0eba9f778da7f4676427b6f5b4f1267a161998fd3117899060764c17e7f331b2"}]},{"block-information":[{"text":"Sha3Uncles:"},{"text":"0x1dcc4de8dec75d7aab85b567b6ccd41ad312451b948a7413f0a142fd40d49347"}]},{"block-information":[{"text":"Mined By:"},{"text":"0xea674fdde714fd979de3edf0f56aa9716b898ec8 (Ethermine) in 7 secs"}]},{"block-information":[{"text":"Difficulty:"},{"text":"881,321,592,344,993"}],"difficulty":[{"text":"881,321,592,344,993"}]},{"block-information":[{"text":"Total Difficulty:"},{"text":"393,486,626,373,011,504,615"}]},{"block-information":[{"text":"Size:"},{"text":"13234 bytes"}]},{"block-information":[{"text":"Gas Limit:"},{"text":"4,712,357"}]},{"block-information":[{"text":"Gas Used:"},{"text":"4,639,680"}],"gas_used":[{"text":"4,639,680"}]},{"block-information":[{"text":"Nonce:"},{"text":"0x88f02d4f44068a0ce9"}]},{"block-information":[{"text":"Block Reward:"},{"text":"5.059718824958127586 Ether (5 + 0.059718824958127586)"}]},{"block-information":[{"text":"Uncles Reward:"},{"text":"0"}]},{"block-information":[{"text":"Extra Data:"},{"text":"ethermine-us2 (Hex:0x65746865726d696e652d757332)"}]}]}]},"pageData":{"resourceId":"44634f7370bc0f948a994bfec23c575c","statusCode":200,"timestamp":1498324763732},"timestamp":1498324763919,"sequenceNumber":19}}
{"url":"https://etherscan.io/block/3923769","result":{"extractorData":{"url":"https://etherscan.io/block/3923769","resourceId":"6ed2faec46e5f0a2f825224089f3f126","data":[{"group":[{"height":[{"text":"3923769"}],"block-information":[{"text":"TimeStamp:"},{"text":"23 mins ago (Jun-24-2017 04:56:24 PM +UTC)"}]},{"block-information":[{"text":"Transactions:"},{"text":"38 transactions and 5 contract internal transactions in this block"}],"transactions":[{"text":"38 transactions and 5 contract internal transactions in this block"}]},{"block-information":[{"text":"Hash:"},{"text":"0x0eba9f778da7f4676427b6f5b4f1267a161998fd3117899060764c17e7f331b2"}],"Hash":[{"text":"0x0eba9f778da7f4676427b6f5b4f1267a161998fd3117899060764c17e7f331b2"}]},{"block-information":[{"text":"Parent Hash:"},{"text":"0xf29006f30cb8700b00c99df89776c3ca1d6672fa13f1a536098ea3f172724de1"}],"ParentHash":[{"text":"0xf29006f30cb8700b00c99df89776c3ca1d6672fa13f1a536098ea3f172724de1"}]},{"block-information":[{"text":"Sha3Uncles:"},{"text":"0x1dcc4de8dec75d7aab85b567b6ccd41ad312451b948a7413f0a142fd40d49347"}]},{"block-information":[{"text":"Mined By:"},{"text":"0xc0ea08a2d404d3172d2add29a45be56da40e2949 in 22 secs"}]},{"block-information":[{"text":"Difficulty:"},{"text":"880,754,097,679,764"}],"difficulty":[{"text":"880,754,097,679,764"}]},{"block-information":[{"text":"Total Difficulty:"},{"text":"393,485,745,051,419,159,622"}]},{"block-information":[{"text":"Size:"},{"text":"6232 bytes"}]},{"block-information":[{"text":"Gas Limit:"},{"text":"4,707,794"}]},{"block-information":[{"text":"Gas Used:"},{"text":"1,583,736"}],"gas_used":[{"text":"1,583,736"}]},{"block-information":[{"text":"Nonce:"},{"text":"0x887ae40910049f18bf"}]},{"block-information":[{"text":"Block Reward:"},{"text":"5.060406135469004279 Ether (5 + 0.060406135469004279)"}]},{"block-information":[{"text":"Uncles Reward:"},{"text":"0"}]},{"block-information":[{"text":"Extra Data:"},{"text":"www.bw.com (Hex:0x7777772e62772e636f6d)"}]}]}]},"pageData":{"resourceId":"6ed2faec46e5f0a2f825224089f3f126","statusCode":200,"timestamp":1498324764776},"timestamp":1498324765120,"sequenceNumber":20}}
{"url":"https://etherscan.io/block/3923767","result":{"extractorData":{"url":"https://etherscan.io/block/3923767","resourceId":"bd60f32fcf8bda6ddf97c7d201e1af62","data":[{"group":[{"height":[{"text":"3923767"}],"block-information":[{"text":"TimeStamp:"},{"text":"23 mins ago (Jun-24-2017 04:55:41 PM +UTC)"}]},{"block-information":[{"text":"Transactions:"},{"text":"10 transactions and 0 contract internal transactions in this block"}],"transactions":[{"text":"10 transactions and 0 contract internal transactions in this block"}]},{"block-information":[{"text":"Hash:"},{"text":"0xd7aade449d8964a59e215a1b6c51915f92486bb3dac7986b81e57dfdd9cd7d16"}],"Hash":[{"text":"0xd7aade449d8964a59e215a1b6c51915f92486bb3dac7986b81e57dfdd9cd7d16"}]},{"block-information":[{"text":"Parent Hash:"},{"text":"0xa5806ed90946984da1a0fafd5b4027a71e22e80fe7992a030e9fb41497192f5a"}],"ParentHash":[{"text":"0xa5806ed90946984da1a0fafd5b4027a71e22e80fe7992a030e9fb41497192f5a"}]},{"block-information":[{"text":"Sha3Uncles:"},{"text":"0x1dcc4de8dec75d7aab85b567b6ccd41ad312451b948a7413f0a142fd40d49347"}]},{"block-information":[{"text":"Mined By:"},{"text":"0x2a65aca4d5fc5b5c859090a6c34d164135398226 (DwarfPool1) in 32 secs"}]},{"block-information":[{"text":"Difficulty:"},{"text":"881,339,760,113,395"}],"difficulty":[{"text":"881,339,760,113,395"}]},{"block-information":[{"text":"Total Difficulty:"},{"text":"393,483,983,250,464,092,733"}]},{"block-information":[{"text":"Size:"},{"text":"1892 bytes"}]},{"block-information":[{"text":"Gas Limit:"},{"text":"4,712,394"}]},{"block-information":[{"text":"Gas Used:"},{"text":"425,585"}],"gas_used":[{"text":"425,585"}]},{"block-information":[{"text":"Nonce:"},{"text":"0x88bbaa49e021dfdabe"}]},{"block-information":[{"text":"Block Reward:"},{"text":"5.02230485619975108 Ether (5 + 0.02230485619975108)"}]},{"block-information":[{"text":"Uncles Reward:"},{"text":"0"}]},{"block-information":[{"text":"Extra Data:"},{"text":"DwarfPool (Hex:0x4477617266506f6f6c)"}]}]}]},"pageData":{"resourceId":"bd60f32fcf8bda6ddf97c7d201e1af62","statusCode":200,"timestamp":1498324765708},"timestamp":1498324766013,"sequenceNumber":21}}
{"url":"https://etherscan.io/block/3923766","result":{"extractorData":{"url":"https://etherscan.io/block/3923766","resourceId":"e0cfdf69751436be9cc9bb14d0e9c331","data":[{"group":[{"height":[{"text":"3923766"}],"block-information":[{"text":"TimeStamp:"},{"text":"24 mins ago (Jun-24-2017 04:55:09 PM +UTC)"}]},{"block-information":[{"text":"Transactions:"},{"text":"76 transactions and 11 contract internal transactions in this block"}],"transactions":[{"text":"76 transactions and 11 contract internal transactions in this block"}]},{"block-information":[{"text":"Hash:"},{"text":"0xa5806ed90946984da1a0fafd5b4027a71e22e80fe7992a030e9fb41497192f5a"}],"Hash":[{"text":"0xa5806ed90946984da1a0fafd5b4027a71e22e80fe7992a030e9fb41497192f5a"}]},{"block-information":[{"text":"Parent Hash:"},{"text":"0x3761d303a2af2e76aed2723d2b72167d85775cf014dae86474562e9bf251159a"}],"ParentHash":[{"text":"0x3761d303a2af2e76aed2723d2b72167d85775cf014dae86474562e9bf251159a"}]},{"block-information":[{"text":"Sha3Uncles:"},{"text":"0x1dcc4de8dec75d7aab85b567b6ccd41ad312451b948a7413f0a142fd40d49347"}]},{"block-information":[{"text":"Mined By:"},{"text":"0xb2930b35844a230f00e51431acae96fe543a0347 (miningpoolhub_1) in 12 secs"}]},{"block-information":[{"text":"Difficulty:"},{"text":"882,063,711,503,187"}],"difficulty":[{"text":"882,063,711,503,187"}]},{"block-information":[{"text":"Total Difficulty:"},{"text":"393,483,101,910,703,979,338"}]},{"block-information":[{"text":"Size:"},{"text":"12019 bytes"}]},{"block-information":[{"text":"Gas Limit:"},{"text":"4,712,394"}]},{"block-information":[{"text":"Gas Used:"},{"text":"4,287,949"}],"gas_used":[{"text":"4,287,949"}]},{"block-information":[{"text":"Nonce:"},{"text":"0x88b06e6b181821d97f"}]},{"block-information":[{"text":"Block Reward:"},{"text":"5.112192841400093784 Ether (5 + 0.112192841400093784)"}]},{"block-information":[{"text":"Uncles Reward:"},{"text":"0"}]},{"block-information":[{"text":"Extra Data:"},{"text":"t9 (Hex:0x7439)"}]}]}]},"pageData":{"resourceId":"e0cfdf69751436be9cc9bb14d0e9c331","statusCode":200,"timestamp":1498324766441},"timestamp":1498324766934,"sequenceNumber":22}}
{"url":"https://etherscan.io/block/3923765","result":{"extractorData":{"url":"https://etherscan.io/block/3923765","resourceId":"cf3dccc604666740c203b99b0d3b4f23","data":[{"group":[{"height":[{"text":"3923765"}],"block-information":[{"text":"TimeStamp:"},{"text":"24 mins ago (Jun-24-2017 04:54:57 PM +UTC)"}]},{"block-information":[{"text":"Transactions:"},{"text":"18 transactions and 1 contract internal transaction in this block"}],"transactions":[{"text":"18 transactions and 1 contract internal transaction in this block"}]},{"block-information":[{"text":"Hash:"},{"text":"0x3761d303a2af2e76aed2723d2b72167d85775cf014dae86474562e9bf251159a"}],"Hash":[{"text":"0x3761d303a2af2e76aed2723d2b72167d85775cf014dae86474562e9bf251159a"}]},{"block-information":[{"text":"Parent Hash:"},{"text":"0x1e95b41f544e4de79e492e93e69052fc90ce88abc70a9e4b3b1e282737e68f4b"}],"ParentHash":[{"text":"0x1e95b41f544e4de79e492e93e69052fc90ce88abc70a9e4b3b1e282737e68f4b"}]},{"block-information":[{"text":"Sha3Uncles:"},{"text":"0xa7ef7b0843a3c1388345c9d81dffeda33d0f9b5dbc891cf094908071eb60df85"}]},{"block-information":[{"text":"Mined By:"},{"text":"0x829bd824b016326a401d083b33d092293333a830 in 39 secs"}]},{"block-information":[{"text":"Difficulty:"},{"text":"881,926,272,549,715"}],"difficulty":[{"text":"881,926,272,549,715"}]},{"block-information":[{"text":"Total Difficulty:"},{"text":"393,482,219,846,992,476,151"}]},{"block-information":[{"text":"Size:"},{"text":"8955 bytes"}]},{"block-information":[{"text":"Gas Limit:"},{"text":"4,711,657"}]},{"block-information":[{"text":"Gas Used:"},{"text":"2,640,032"}],"gas_used":[{"text":"2,640,032"}]},{"block-information":[{"text":"Nonce:"},{"text":"0x88257115880d59a61f"}]},{"block-information":[{"text":"Block Reward:"},{"text":"5.295002217000137313 Ether (5 + 0.138752217000137313 + 0.15625)"}]},{"block-information":[{"text":"Uncles Reward:"},{"text":"3.125 Ether (1 Uncle at Position 0)"}]},{"block-information":[{"text":"Extra Data:"},{"text":"ä¸ƒå½©ç¥žä»™é±¼ (Hex:0xe4b883e5bda9e7a59ee4bb99e9b1bc)"}]}]}]},"pageData":{"resourceId":"cf3dccc604666740c203b99b0d3b4f23","statusCode":200,"timestamp":1498324767426},"timestamp":1498324767970,"sequenceNumber":23}}
